87828,-0.01,-0.02,0.69
87850,-0.01,-0.02,0.69
87872,-0.02,-0.05,0.68
87894,-0.01,-0.02,0.69
87916,-0.01,-0.02,0.69
87938,-0.01,-0.03,0.69
87961,-0.02,-0.05,0.68
87983,-0.01,-0.02,0.69
88006,-0.01,-0.02,0.69
88028,-0.01,-0.02,0.69
88050,0.01,0.01,0.71
88072,-0.01,-0.02,0.69
88094,-0.01,-0.02,0.69
88116,-0.01,-0.02,0.69
88138,-0.01,-0.02,0.69
88160,-0.02,-0.05,0.68
88182,0.01,0.01,0.71
88204,-0.01,-0.02,0.69
88226,-0.01,-0.02,0.69
88248,-0.01,-0.02,0.69
88270,0.01,0.02,0.71
88292,-0.01,-0.02,0.69
88315,-0.01,-0.02,0.69
88337,0.01,0.01,0.71
88359,-0.01,-0.02,0.69
88381,-0.01,-0.02,0.69
88403,0.01,0.01,0.71
88425,-0.01,-0.02,0.69
88447,0.01,0.01,0.71
88469,-0.01,-0.02,0.69
88491,0.01,0.01,0.71
88513,-0.01,-0.02,0.69
88535,-0.01,-0.02,0.69
88557,-0.01,-0.02,0.69
88579,-0.01,-0.02,0.69
88601,-0.01,-0.02,0.69
88623,-0.01,-0.02,0.69
88645,-0.01,-0.02,0.69
88667,-0.01,-0.02,0.69
88689,-0.01,-0.02,0.69
88711,-0.01,-0.02,0.69
88733,0.01,0.01,0.71
88755,-0.02,-0.05,0.68
88777,0.01,0.01,0.71
88799,-0.01,-0.02,0.69
88821,-0.01,-0.02,0.69
88843,-0.01,-0.02,0.69
88866,-0.01,-0.02,0.69
88888,-0.01,-0.02,0.69
88910,0.05,0.1,0.75
88932,-0.01,-0.02,0.69
88954,-0.01,-0.01,0.69
88977,-0.01,0,0.69
88999,-0.01,-0.01,0.69
89021,-0.01,-0.03,0.69
89044,-0.01,-0.03,0.69
89066,0.01,0,0.71
89088,-0.01,-0.02,0.69
89110,1.39,3.04,0.69
89132,1.35,2.95,0.65
89154,1.23,2.87,0.53
89176,1.09,3.02,0.39
89198,1.03,3.23,0.33
89220,0.9,2.54,0.2
89242,0.79,1.9,0.09
89264,0.65,1.44,-0.05
89286,0.58,1.31,-0.12
89308,0.48,1.13,-0.22
89330,0.43,1.04,-0.27
89352,0.28,0.71,-0.42
89374,0.33,0.83,-0.37
89396,0.22,0.55,-0.48
89418,0.25,0.57,-0.45
89440,0.21,0.47,-0.49
89462,0.18,0.44,-0.52
89484,0.15,0.38,-0.55
89506,0.17,0.41,-0.53
89528,0.12,0.31,-0.58
89550,0.1,0.24,-0.6
89572,0.08,0.21,-0.62
89594,0.08,0.21,-0.62
89616,0.06,0.13,-0.64
89638,0.04,0.09,-0.66
89660,0.01,0.04,-0.69
89682,0.03,0.07,-0.67
89704,0.01,0.03,-0.69
89726,0.01,0.02,-0.69
89748,0.01,0.03,-0.69
89770,0.01,0.03,-0.69
89792,0.01,0.03,-0.69
89814,0.01,0.03,-0.69
89836,0.01,0.04,-0.69
89858,0.01,0.03,-0.69
89880,0.01,0.03,-0.69
89902,-0.03,-0.06,-0.73
89924,0.01,0.03,-0.69
89946,0.01,0.03,-0.69
89968,0.01,0.02,-0.69
89990,0.01,0.02,-0.69
90012,0.03,0.07,-0.67
90034,0.04,0.1,-0.66
90056,-0.07,-0.14,-0.77
90078,0,0.01,-0.7
90100,0.01,0.03,-0.69
90122,0.01,0.01,-0.69
90144,0.04,0.06,-0.66
90166,0.11,0.25,-0.59
90188,-0.04,-0.06,-0.74
90210,0,0.04,-0.7
90232,-0.03,-0.02,-0.73
90254,0,0,-0.7
90276,0,-0.05,-0.7
90298,-0.01,-0.06,-0.71
90320,0,-0.01,-0.7
90342,0,0.01,-0.7
90364,0,0.01,-0.7
90386,0,0,-0.7
90408,0,0,-0.7
90430,0,0,-0.7
90452,0.01,0.03,-0.69
90474,0,0,-0.7
90496,0,0,-0.7
90518,0,0,-0.7
90540,0,0,-0.7
90562,-0.03,-0.06,-0.73
90584,-0.01,-0.03,-0.71
90606,0.03,0.06,-0.67
90628,0,-0.01,-0.7
90650,0,-0.01,-0.7
90672,0,0.01,-0.7
90694,-0.03,-0.04,-0.73
90716,0.01,0.03,-0.69
90738,0,-0.01,-0.7
90760,-0.01,-0.04,-0.71
90782,-0.03,-0.06,-0.73
90804,-0.01,-0.02,-0.71
90826,-0.01,-0.03,-0.71
90848,0,-0.01,-0.7
90870,0,-0.01,-0.7
90892,0,0,-0.7
90914,0,0.01,-0.7
90936,0.01,0.04,-0.69
90958,0.01,0.03,-0.69
90980,0,0,-0.7
91002,0,0,-0.7
91024,0,0.01,-0.7
91046,-0.01,-0.03,-0.71
91068,-0.01,-0.04,-0.71
91090,0,-0.01,-0.7
91112,0,-0.01,-0.7
91134,0,-0.01,-0.7
91156,-0.01,-0.03,-0.71
91178,0,0.01,-0.7
91200,0,0,-0.7
91222,0.03,0.06,-0.67
91244,0,0,-0.7
91266,0,0.01,-0.7
91288,0,0.01,-0.7
91310,-0.01,-0.02,-0.71
91332,0,-0.01,-0.7
91354,0,-0.01,-0.7
91376,-0.01,-0.04,-0.71
91398,0,0,-0.7
91420,-0.01,-0.03,-0.71
91442,0,0,-0.7
91464,0,0,-0.7
91486,-0.01,-0.03,-0.71
91508,0,0,-0.7
91530,0,0,-0.7
91552,0,0,-0.7
91574,0.03,0.06,-0.67
91596,0,0,-0.7
91618,0,0.01,-0.7
91640,-0.03,-0.05,-0.73
91662,-0.01,-0.02,-0.71
91684,0,-0.01,-0.7
91706,0,-0.02,-0.7
91728,0,-0.01,-0.7
91750,0.01,0.03,-0.69
91772,0,0.01,-0.7
91794,0,0.01,-0.7
91816,0,0.01,-0.7
91838,-0.01,-0.03,-0.71
91860,0,-0.01,-0.7
91883,0,-0.01,-0.7
91905,0,-0.01,-0.7
91927,-1.4,-3.06,-0.7
91950,-1.37,-2.98,-0.67
91972,-1.23,-2.89,-0.53
91995,-1.17,-3.19,-0.47
92017,-1.04,-3.26,-0.34
92039,-0.92,-2.61,-0.22
92061,-0.78,-1.91,-0.08
92083,-0.67,-1.51,0.03
92105,-0.5,-1.13,0.2
92127,-0.5,-1.16,0.2
92149,-0.45,-1.07,0.25
92171,-0.38,-0.92,0.32
92193,-0.34,-0.83,0.36
92215,-0.3,-0.76,0.4
92237,-0.26,-0.65,0.44
92259,-0.21,-0.53,0.49
92282,-0.2,-0.48,0.5
92304,-0.16,-0.39,0.54
92326,-0.15,-0.35,0.55
92348,-0.1,-0.26,0.6
92370,-0.12,-0.29,0.58
92392,-0.08,-0.19,0.62
92414,-0.08,-0.19,0.62
92436,-0.06,-0.15,0.64
92458,-0.05,-0.12,0.65
92480,-0.05,-0.12,0.65
92502,-0.04,-0.09,0.66
92524,-0.02,-0.06,0.68
92546,-0.02,-0.05,0.68
92568,-0.02,-0.05,0.68
92590,-0.01,-0.02,0.69
92612,-0.02,-0.05,0.68
92634,-0.02,-0.05,0.68
92656,-0.01,-0.02,0.69
92678,-0.01,-0.02,0.69
92700,-0.01,-0.03,0.69
92722,-0.01,-0.02,0.69
92744,-0.04,-0.08,0.66
92767,-0.01,-0.02,0.69
92789,0.01,0.01,0.71
92811,-0.01,-0.03,0.69
92833,-0.01,-0.03,0.69
92855,0.01,0.02,0.71
92877,-0.01,-0.01,0.69
92900,-0.01,-0.02,0.69
92923,-0.01,-0.02,0.69
92945,-0.01,-0.02,0.69
92967,-0.01,-0.02,0.69
92989,-0.01,-0.02,0.69
93011,-0.02,-0.05,0.68
93033,-0.01,-0.02,0.69
93055,0.01,0.01,0.71
93077,-0.01,-0.02,0.69
93099,-0.01,-0.02,0.69
93121,-0.01,-0.01,0.69
93143,-0.01,-0.01,0.69
93165,-0.02,-0.05,0.68
93188,-0.01,-0.02,0.69
93210,0.03,0.07,0.73
93232,-0.01,-0.03,0.69
93254,-0.01,-0.02,0.69
93276,-0.01,0,0.69
93298,-0.01,-0.01,0.69
93320,-0.01,-0.03,0.69
93342,-0.01,-0.03,0.69
93364,0.01,0.01,0.71
93386,-0.01,-0.02,0.69
93408,0.05,0.1,0.75
93430,-0.01,-0.01,0.69
93452,-0.01,-0.01,0.69
93475,-0.02,-0.04,0.68
93497,0.01,0.02,0.71
93519,-0.01,-0.04,0.69
93541,-0.01,-0.04,0.69
93564,-0.02,-0.05,0.68
93586,0.01,0.02,0.71
93608,-0.01,-0.02,0.69
93630,-0.01,-0.02,0.69
93652,-0.01,-0.02,0.69
93675,-0.01,-0.01,0.69
93698,0.01,0.01,0.71
93720,-0.01,-0.02,0.69
93742,-0.01,-0.02,0.69
93764,-0.01,-0.02,0.69
93786,-0.01,-0.02,0.69
93809,-0.01,-0.02,0.69
93831,-0.01,-0.02,0.69
93853,-0.01,-0.02,0.69
93875,0.01,0.01,0.71
93897,0.01,0.01,0.71
93919,-0.01,-0.02,0.69
93941,0.01,0.02,0.71
93963,0.01,0.02,0.71
93985,0.01,0.01,0.71
94007,-0.01,-0.02,0.69
94029,0.01,0.02,0.71
94051,-0.01,-0.02,0.69
94073,-0.01,-0.02,0.69
94095,0.01,0.01,0.71
94117,-0.01,-0.02,0.69
94140,-0.01,-0.02,0.69
94162,-0.01,-0.02,0.69
94184,-0.02,-0.05,0.68
94206,-0.01,-0.02,0.69
94228,-0.01,-0.03,0.69
94250,-0.01,-0.03,0.69
94272,-0.01,-0.02,0.69
94294,-0.01,-0.02,0.69
94316,-0.01,-0.02,0.69
94338,-0.01,-0.02,0.69
94361,-0.01,-0.02,0.69
94383,-0.02,-0.05,0.68
94405,-0.01,-0.02,0.69
94427,0.01,0.01,0.71
94449,-0.01,-0.02,0.69
94471,0.01,0.01,0.71
94493,0.01,0.02,0.71
94515,0.01,0.02,0.71
94537,-0.01,-0.02,0.69
94559,-0.01,-0.01,0.69
94581,-0.01,-0.02,0.69
94603,0.01,0.01,0.71
94625,-0.01,-0.03,0.69
94647,-0.01,-0.02,0.69
94669,-0.02,-0.05,0.68
94691,0.01,0.01,0.71
94713,-0.01,-0.02,0.69
94735,-0.01,-0.03,0.69
94757,1.39,3.04,0.69
94779,1.35,2.95,0.65
94801,1.27,2.96,0.57
94823,1.16,3.17,0.46
94845,1.03,3.24,0.33
94867,0.9,2.57,0.2
94889,0.76,1.87,0.06
94911,0.65,1.45,-0.05
94933,0.55,1.22,-0.15
94955,0.48,1.1,-0.22
94977,0.45,1.08,-0.25
94999,0.4,0.98,-0.3
95021,0.33,0.83,-0.37
95043,0.28,0.71,-0.42
95065,0.26,0.66,-0.44
95087,0.19,0.47,-0.51
95109,0.15,0.36,-0.55
95132,0.11,0.27,-0.59
95154,0.12,0.3,-0.58
95176,0.1,0.22,-0.6
95198,0.08,0.19,-0.62
95220,-0.17,-0.35,-0.87
95242,0.07,0.18,-0.63
95264,0.07,0.13,-0.63
95286,0.04,0.03,-0.66
95308,0.04,0.04,-0.66
95330,0.07,0.22,-0.63
95352,0.04,0.15,-0.66
95374,0.03,0.09,-0.67
95396,0.01,0.04,-0.69
95418,0,0.01,-0.7
95440,0.01,0.02,-0.69
95462,0.01,0.01,-0.69
95484,0,-0.01,-0.7
95506,0.01,0.03,-0.69
95528,0,0.01,-0.7
95550,0.07,0.16,-0.63
95572,0,0,-0.7
95594,0,0.01,-0.7
95616,0.01,0.05,-0.69
95638,0,0.01,-0.7
95660,0,-0.01,-0.7
95682,0,-0.01,-0.7
95704,0.01,0.03,-0.69
95726,0,0,-0.7
95748,0,0,-0.7
95770,0,0.01,-0.7
95792,0,0,-0.7
95814,0,0,-0.7
95836,0,0,-0.7
95858,0,0,-0.7
95880,0.01,0.03,-0.69
95902,0,0,-0.7
95924,0,0,-0.7
95946,0,0,-0.7
95968,0,0,-0.7
95990,0.01,0.03,-0.69
96012,0.01,0.03,-0.69
96034,0,0,-0.7
96056,0,0.01,-0.7
96078,0,0.01,-0.7
96100,-0.01,-0.03,-0.71
96122,0,-0.01,-0.7
96144,-0.01,-0.04,-0.71
96166,-0.01,-0.04,-0.71
96189,0,0,-0.7
96211,0.01,0.03,-0.69
96233,0.01,0.03,-0.69
96255,0.03,0.06,-0.67
96277,-0.01,-0.02,-0.71
96299,-0.04,-0.07,-0.74
96321,0,0.01,-0.7
96343,0,-0.01,-0.7
96365,0,-0.03,-0.7
96387,0,-0.02,-0.7
96409,-0.01,-0.02,-0.71
96431,0,0.01,-0.7
96453,0.01,0.03,-0.69
96475,0,0,-0.7
96497,0,0,-0.7
96519,0,0.01,-0.7
96541,0,0.01,-0.7
96563,0,0,-0.7
96585,0,0,-0.7
96607,0,0,-0.7
96629,0,0,-0.7
96651,0,0,-0.7
96673,0,0,-0.7
96695,-0.01,-0.03,-0.71
96718,0,0,-0.7
96740,0,0,-0.7
96762,0,0,-0.7
96784,0,0,-0.7
96806,0,0,-0.7
96829,0,0,-0.7
96852,0,0,-0.7
96874,0.04,0.09,-0.66
96896,0,0,-0.7
96918,0,0.01,-0.7
96940,-0.01,-0.02,-0.71
96962,0,0.01,-0.7
96984,-0.01,-0.04,-0.71
97006,-0.01,-0.04,-0.71
97028,0.01,0.02,-0.69
97050,0,0,-0.7
97073,0,0,-0.7
97095,0.01,0.04,-0.69
97118,0,0.01,-0.7
97140,0,0,-0.7
97162,0,0,-0.7
97184,0,0,-0.7
97206,0,0,-0.7
97228,0,0,-0.7
97250,0,0,-0.7
97272,0,0,-0.7
97294,-0.01,-0.03,-0.71
97316,0,0,-0.7
97338,0,0,-0.7
97360,0,0,-0.7
97382,0,0,-0.7
97404,0,0,-0.7
97426,0.01,0.03,-0.69
97448,0,0,-0.7
97470,0,0,-0.7
97492,0,0,-0.7
97514,0,0,-0.7
97536,-0.01,-0.03,-0.71
97559,0,0,-0.7
97581,-1.4,-3.06,-0.7
97603,-1.36,-2.96,-0.66
97625,-1.28,-2.98,-0.58
97647,-1.17,-3.19,-0.47
97669,-1.06,-3.29,-0.36
97691,-0.89,-2.56,-0.19
97713,-0.78,-1.92,-0.08
97735,-0.66,-1.48,0.04
97757,-0.59,-1.3,0.11
97780,-0.52,-1.18,0.18
97802,-0.5,-1.2,0.2
97824,-0.38,-0.95,0.32
97846,-0.38,-0.96,0.32
97869,-0.31,-0.8,0.39
97891,-0.24,-0.61,0.46
97913,-0.2,-0.49,0.5
97936,-0.16,-0.39,0.54
97958,-0.15,-0.34,0.55
97980,-0.12,-0.27,0.58
98002,-0.1,-0.24,0.6
98024,-0.1,-0.25,0.6
98046,-0.08,-0.19,0.62
98068,-0.06,-0.16,0.64
98090,-0.06,-0.16,0.64
98112,-0.02,-0.06,0.68
98134,-0.05,-0.11,0.65
98157,-0.04,-0.08,0.66
98180,-0.02,-0.05,0.68
98202,-0.04,-0.08,0.66
98224,-0.02,-0.06,0.68
98246,-0.01,-0.03,0.69
98268,-0.01,-0.02,0.69
98290,-0.01,-0.02,0.69
98312,-0.01,-0.01,0.69
98334,-0.01,-0.01,0.69
98356,-0.01,-0.02,0.69
98378,-0.02,-0.05,0.68
98400,-0.01,-0.02,0.69
98422,-0.01,-0.02,0.69
98444,-0.01,-0.03,0.69
98466,-0.01,-0.02,0.69
98488,-0.02,-0.05,0.68
98510,-0.01,-0.02,0.69
98532,0.01,0.01,0.71
