103176,0.01,0.01,0.71
103198,-0.01,-0.02,0.69
103221,0.01,0.01,0.71
103243,0.01,0.01,0.71
103265,0.01,0.01,0.71
103287,0.01,0.01,0.71
103309,0.01,0.02,0.71
103331,0.01,0.02,0.71
103353,0.01,0.01,0.71
103375,0.01,0.01,0.71
103397,-0.01,-0.02,0.69
103420,0.01,0.01,0.71
103442,0.01,0.01,0.71
103464,0.01,0.01,0.71
103486,0.01,0.01,0.71
103508,-0.01,-0.01,0.69
103530,0.02,0.05,0.72
103552,-0.01,-0.02,0.69
103574,0.02,0.04,0.72
103596,0.01,0.01,0.71
103618,-0.01,-0.01,0.69
103640,0.01,0.01,0.71
103662,0.02,0.05,0.72
103684,0.05,0.10,0.75
103706,-0.01,-0.02,0.69
103728,-0.01,-0.00,0.69
103750,-0.01,0.00,0.69
103772,-0.01,-0.01,0.69
103794,0.01,-0.01,0.71
103816,-0.01,-0.03,0.69
103838,-0.01,-0.02,0.69
103860,-0.01,-0.01,0.69
103882,-0.01,-0.01,0.69
103904,-0.01,-0.02,0.69
103926,-0.01,-0.02,0.69
103948,0.01,0.01,0.71
103970,-0.01,-0.02,0.69
103992,0.01,0.01,0.71
104014,-0.05,-0.11,0.65
104036,0.01,0.02,0.71
104058,0.02,0.04,0.72
104080,0.01,-0.00,0.71
104102,0.01,0.00,0.71
104124,0.01,0.03,0.71
104146,-0.01,-0.00,0.69
104168,0.01,0.01,0.71
104190,0.05,0.10,0.75
104212,-0.01,-0.03,0.69
104234,-0.01,-0.02,0.69
104256,-0.01,-0.00,0.69
104278,-0.01,-0.01,0.69
104300,-0.01,-0.03,0.69
104322,-0.01,-0.03,0.69
104344,0.01,0.01,0.71
104366,-0.01,-0.02,0.69
104388,-0.01,-0.02,0.69
104410,-0.01,-0.01,0.69
104432,0.01,0.01,0.71
104454,-0.01,-0.02,0.69
104476,0.01,0.01,0.71
104498,-0.01,-0.02,0.69
104520,0.01,0.02,0.71
104542,-0.01,-0.02,0.69
104564,-0.01,-0.02,0.69
104586,-0.01,-0.02,0.69
104608,-0.01,-0.02,0.69
104630,0.02,0.04,0.72
104652,-0.01,-0.02,0.69
104674,-0.01,-0.02,0.69
104696,0.02,0.05,0.72
104718,-0.01,-0.01,0.69
104740,-0.01,-0.02,0.69
104763,-0.01,-0.02,0.69
104785,-0.01,-0.02,0.69
104807,0.01,0.00,0.71
104829,-0.01,-0.03,0.69
104851,-0.01,-0.02,0.69
104873,0.02,0.05,0.72
104895,-0.01,-0.02,0.69
104917,0.01,0.01,0.71
104939,1.39,3.04,0.69
104961,1.35,2.95,0.65
104983,1.27,2.96,0.57
105005,1.16,3.17,0.46
105027,1.03,3.24,0.33
105049,0.88,2.53,0.18
105071,0.76,1.87,0.06
105093,0.65,1.45,-0.05
105115,0.55,1.21,-0.15
105137,0.47,1.07,-0.23
105159,0.44,1.05,-0.26
105181,0.43,1.04,-0.27
105203,0.32,0.80,-0.38
105225,0.29,0.73,-0.41
105248,0.14,0.39,-0.56
105270,0.19,0.49,-0.51
105292,0.17,0.37,-0.53
105314,0.15,0.32,-0.55
105336,0.11,0.23,-0.59
105358,0.04,0.13,-0.66
105380,0.07,0.20,-0.63
105402,0.08,0.20,-0.62
105424,0.04,0.08,-0.66
105446,0.04,0.08,-0.66
105468,0.01,0.05,-0.69
105490,0.01,0.05,-0.69
105512,0.01,0.03,-0.69
105534,0.01,0.02,-0.69
105556,0.03,0.05,-0.67
105578,0.03,0.06,-0.67
105600,0.01,0.04,-0.69
105622,-0.01,-0.02,-0.71
105645,0.00,0.01,-0.70
105667,0.00,0.00,-0.70
105689,0.00,-0.01,-0.70
105712,-0.01,-0.04,-0.71
105735,0.01,0.03,-0.69
105758,0.00,0.00,-0.70
105780,-0.01,-0.03,-0.71
105802,0.00,0.00,-0.70
105824,0.01,0.04,-0.69
105846,-0.01,-0.04,-0.71
105868,0.00,-0.00,-0.70
105890,0.00,0.00,-0.70
105912,0.00,0.00,-0.70
105934,0.00,-0.01,-0.70
105956,0.01,0.03,-0.69
105978,0.00,0.00,-0.70
106000,-0.01,-0.03,-0.71
106022,0.00,0.00,-0.70
106044,0.00,0.00,-0.70
106066,-0.01,-0.04,-0.71
106088,0.00,-0.01,-0.70
106110,0.00,0.00,-0.70
106132,0.00,-0.00,-0.70
106154,0.00,-0.00,-0.70
106176,0.00,0.00,-0.70
106198,0.01,0.03,-0.69
106220,-0.01,-0.03,-0.71
106242,0.00,0.00,-0.70
106264,0.00,0.00,-0.70
106286,0.00,-0.00,-0.70
106309,0.00,-0.01,-0.70
106331,0.01,0.03,-0.69
106353,0.00,0.00,-0.70
106375,0.00,0.00,-0.70
106397,-0.04,-0.09,-0.74
106419,0.00,0.00,-0.70
106442,0.00,-0.01,-0.70
106464,0.01,0.01,-0.69
106486,0.00,-0.01,-0.70
106509,0.03,0.07,-0.67
106531,0.00,0.01,-0.70
106553,0.00,0.01,-0.70
106575,0.00,0.01,-0.70
106597,-0.01,-0.03,-0.71
106619,0.00,-0.01,-0.70
106641,-0.01,-0.04,-0.71
106664,0.00,-0.01,-0.70
106686,0.00,-0.00,-0.70
106708,0.00,0.00,-0.70
106730,0.00,0.00,-0.70
106752,0.00,0.00,-0.70
106774,0.00,0.00,-0.70
106796,0.00,0.00,-0.70
106818,0.00,-0.00,-0.70
106840,0.00,-0.00,-0.70
106862,-0.01,-0.03,-0.71
106884,0.00,0.00,-0.70
106906,0.00,-0.00,-0.70
106928,0.00,-0.00,-0.70
106950,0.00,-0.00,-0.70
106972,0.00,0.00,-0.70
106994,-0.01,-0.03,-0.71
107016,0.00,0.00,-0.70
107038,0.00,-0.00,-0.70
107060,-0.01,-0.04,-0.71
107082,0.00,-0.00,-0.70
107104,-0.01,-0.03,-0.71
107126,0.01,0.03,-0.69
107148,0.00,-0.00,-0.70
107170,-0.01,-0.03,-0.71
107192,-0.03,-0.06,-0.73
107215,0.01,0.04,-0.69
107237,0.00,-0.01,-0.70
107259,0.00,-0.01,-0.70
107282,0.00,-0.00,-0.70
107304,0.00,0.01,-0.70
107326,0.00,0.00,-0.70
107348,0.01,0.03,-0.69
107370,0.00,-0.00,-0.70
107392,0.00,0.00,-0.70
107414,0.00,0.00,-0.70
107436,0.00,0.00,-0.70
107458,0.00,-0.00,-0.70
107480,0.03,0.06,-0.67
107502,0.00,-0.00,-0.70
107524,0.00,0.00,-0.70
107546,0.00,0.01,-0.70
107568,-0.01,-0.02,-0.71
107590,0.00,-0.01,-0.70
107612,0.00,-0.01,-0.70
107634,-0.01,-0.04,-0.71
107656,0.00,-0.00,-0.70
107678,0.00,0.00,-0.70
107700,0.00,0.00,-0.70
107722,0.00,-0.00,-0.70
107744,0.00,0.00,-0.70
107766,-1.40,-3.05,-0.70
107788,-1.36,-2.96,-0.66
107811,-1.28,-2.98,-0.58
107833,-1.14,-3.13,-0.44
107855,-1.10,-3.38,-0.40
107877,-0.89,-2.55,-0.19
107899,-0.77,-1.89,-0.07
107921,-0.60,-1.36,0.10
107943,-0.52,-1.16,0.18
107965,-0.45,-1.01,0.25
107987,-0.45,-1.04,0.25
108009,-0.35,-0.85,0.35
108031,-0.38,-0.93,0.32
108053,-0.24,-0.64,0.46
108075,-0.20,-0.54,0.50
108097,-0.12,-0.32,0.58
108119,-0.13,-0.32,0.57
108141,-0.12,-0.24,0.58
108163,-0.10,-0.21,0.60
108185,-0.01,-0.02,0.69
108207,-0.08,-0.20,0.62
108229,-0.06,-0.16,0.64
108251,-0.05,-0.11,0.65
108273,-0.02,-0.04,0.68
108295,-0.04,-0.10,0.66
108317,-0.02,-0.06,0.68
108339,-0.02,-0.05,0.68
108361,-0.01,-0.01,0.69
108383,0.01,0.01,0.71
108405,-0.01,-0.02,0.69
108427,0.01,0.01,0.71
108449,-0.01,-0.01,0.69
108471,-0.01,-0.01,0.69
108494,-0.01,-0.02,0.69
108516,-0.01,-0.02,0.69
108538,-0.01,-0.03,0.69
108560,-0.02,-0.05,0.68
108582,-0.01,-0.02,0.69
108604,-0.01,-0.02,0.69
108626,-0.01,-0.02,0.69
108649,-0.02,-0.05,0.68
108671,-0.01,-0.02,0.69
108693,0.01,0.01,0.71
108715,-0.01,-0.02,0.69
108737,-0.01,-0.02,0.69
108759,-0.01,-0.01,0.69
108781,-0.01,-0.01,0.69
108803,0.01,0.01,0.71
108825,-0.01,-0.02,0.69
108847,-0.01,-0.02,0.69
108869,0.01,0.01,0.71
108891,0.01,0.01,0.71
108913,-0.01,-0.02,0.69
108935,-0.01,-0.02,0.69
108957,-0.01,-0.01,0.69
108979,-0.01,-0.02,0.69
109001,0.01,0.00,0.71
109023,-0.01,-0.02,0.69
109046,-0.01,-0.02,0.69
109068,-0.01,-0.02,0.69
109090,-0.01,-0.02,0.69
109112,-0.01,-0.02,0.69
109134,-0.01,-0.02,0.69
109156,0.01,0.01,0.71
109178,0.01,0.01,0.71
109200,0.02,0.04,0.72
109222,0.01,0.02,0.71
109244,-0.01,-0.01,0.69
109266,-0.01,-0.01,0.69
109288,0.05,0.10,0.75
109310,-0.01,-0.03,0.69
109332,-0.02,-0.05,0.68
109355,-0.01,-0.01,0.69
109377,-0.01,-0.01,0.69
109399,0.01,-0.01,0.71
109421,-0.01,-0.04,0.69
109443,0.01,0.01,0.71
109465,-0.01,-0.01,0.69
109487,-0.01,-0.01,0.69
109509,-0.02,-0.05,0.68
109531,-0.01,-0.02,0.69
109553,-0.01,-0.03,0.69
109575,-0.01,-0.03,0.69
109597,-0.01,-0.02,0.69
109619,-0.01,-0.02,0.69
109641,-0.01,-0.02,0.69
109663,0.01,0.01,0.71
109685,-0.01,-0.02,0.69
109707,0.01,0.01,0.71
109729,-0.01,-0.02,0.69
109751,-0.01,-0.02,0.69
109773,-0.01,-0.02,0.69
109796,-0.01,-0.02,0.69
109818,-0.01,-0.02,0.69
109840,0.01,0.01,0.71
109862,0.05,0.10,0.75
109884,-0.12,-0.26,0.58
109906,-0.04,-0.07,0.66
109928,-0.01,-0.01,0.69
109950,0.01,-0.02,0.71
109972,0.06,0.08,0.76
109994,0.01,0.02,0.71
110016,0.01,0.05,0.71
110038,0.01,0.06,0.71
110060,0.01,0.03,0.71
110082,-0.01,-0.03,0.69
110104,0.01,-0.01,0.71
110126,0.01,0.00,0.71
110148,0.01,0.01,0.71
110170,0.01,0.01,0.71
110192,0.05,0.11,0.75
110214,0.01,0.02,0.71
110236,-0.01,-0.01,0.69
110258,-0.01,-0.00,0.69
110280,0.01,0.02,0.71
110302,-0.01,-0.03,0.69
110324,0.01,-0.00,0.71
110346,0.01,0.01,0.71
110368,0.01,0.02,0.71
110390,0.01,0.02,0.71
110412,0.01,0.02,0.71
110434,0.01,0.02,0.71
110456,0.01,0.01,0.71
110478,0.01,0.01,0.71
110500,-0.01,-0.02,0.69
110522,0.01,0.01,0.71
110544,0.01,0.01,0.71
110566,0.01,0.01,0.71
110589,1.39,3.04,0.69
110611,1.38,3.01,0.68
110633,1.31,3.06,0.61
110655,1.16,3.18,0.46
110677,0.96,3.10,0.26
110699,0.84,2.46,0.14
110721,0.76,1.87,0.06
110743,0.62,1.35,-0.08
110765,0.54,1.14,-0.16
110787,0.50,1.12,-0.20
110809,0.43,1.04,-0.27
110831,0.36,0.90,-0.34
110853,0.32,0.81,-0.38
110875,0.33,0.82,-0.37
110897,0.22,0.54,-0.48
110919,0.18,0.44,-0.52
110941,0.17,0.41,-0.53
110963,0.15,0.37,-0.55
110985,0.11,0.25,-0.59
111007,0.11,0.25,-0.59
111029,0.08,0.21,-0.62
111051,0.08,0.21,-0.62
111073,0.06,0.14,-0.64
111095,0.04,0.11,-0.66
111118,0.01,0.04,-0.69
111140,0.01,0.04,-0.69
111162,0.00,-0.00,-0.70
111184,0.00,-0.01,-0.70
111206,0.03,0.05,-0.67
111228,0.00,-0.01,-0.70
111250,0.00,0.00,-0.70
111272,0.00,0.01,-0.70
111294,0.00,0.01,-0.70
111316,0.00,-0.00,-0.70
111338,0.00,-0.01,-0.70
111360,-0.01,-0.03,-0.71
111382,0.00,-0.00,-0.70
111404,-0.01,-0.03,-0.71
111426,0.00,-0.00,-0.70
111448,0.00,-0.00,-0.70
111470,-0.01,-0.03,-0.71
111492,0.00,-0.00,-0.70
111514,-0.01,-0.03,-0.71
111536,0.01,0.03,-0.69
111558,0.03,0.06,-0.67
111580,0.00,-0.00,-0.70
111602,0.00,0.01,-0.70
111625,-0.01,-0.01,-0.71
111647,-0.01,-0.02,-0.71
111669,0.00,-0.01,-0.70
111691,-0.01,-0.04,-0.71
111713,0.01,0.02,-0.69
111735,0.01,0.03,-0.69
111757,-0.01,-0.02,-0.71
111779,-0.01,-0.02,-0.71
111802,0.00,0.01,-0.70
111824,-0.01,-0.03,-0.71
111846,-0.01,-0.05,-0.71
111868,-0.01,-0.04,-0.71
111890,0.00,-0.00,-0.70
111913,-0.01,-0.04,-0.71
111935,0.00,-0.00,-0.70
111957,-0.01,-0.03,-0.71
111979,-0.01,-0.03,-0.71
112001,-0.01,-0.03,-0.71
112023,0.03,0.06,-0.67
112045,-0.01,-0.04,-0.71
112068,0.01,0.03,-0.69
112090,-0.01,-0.02,-0.71
112112,-0.01,-0.02,-0.71
112134,-0.01,-0.03,-0.71
112156,-0.01,-0.04,-0.71
112178,0.00,-0.01,-0.70
112200,-0.03,-0.07,-0.73
112222,-0.06,-0.12,-0.76
112244,-0.07,-0.15,-0.77
112266,-0.04,-0.10,-0.74
112288,0.04,0.06,-0.66
112310,0.08,0.14,-0.62
112332,0.01,0.02,-0.69
112354,0.00,0.04,-0.70
112376,0.01,0.10,-0.69
112398,0.01,0.06,-0.69
112420,0.01,0.01,-0.69
112442,0.01,0.00,-0.69
112464,0.01,0.02,-0.69
112486,0.03,0.07,-0.67
112508,0.01,0.04,-0.69
112531,0.03,0.07,-0.67
112553,0.01,0.04,-0.69
112575,0.00,0.01,-0.70
112597,-0.01,-0.03,-0.71
112619,0.00,0.00,-0.70
112641,0.00,-0.01,-0.70
112663,0.01,0.02,-0.69
112685,0.00,-0.01,-0.70
112707,0.00,0.01,-0.70
112729,0.00,0.01,-0.70
112751,0.01,0.04,-0.69
112773,0.00,-0.00,-0.70
112795,0.00,-0.00,-0.70
112817,0.01,0.03,-0.69
112839,0.00,0.00,-0.70
112861,0.00,-0.00,-0.70
112883,0.00,0.00,-0.70
112905,0.00,0.00,-0.70
112927,0.01,0.03,-0.69
112949,0.00,-0.00,-0.70
112971,0.00,0.00,-0.70
112993,0.00,0.00,-0.70
113016,0.01,0.03,-0.69
113038,0.01,0.03,-0.69
113060,0.00,-0.00,-0.70
113082,0.00,0.01,-0.70
113104,0.01,0.04,-0.69
113126,0.00,0.00,-0.70
113148,0.00,-0.00,-0.70
113170,0.00,0.00,-0.70
113192,0.01,0.03,-0.69
113214,-0.01,-0.03,-0.71
113236,0.00,0.00,-0.70
113258,0.00,0.00,-0.70
113280,0.01,0.03,-0.69
113302,0.00,-0.01,-0.70
113324,0.00,0.00,-0.70
113346,0.00,0.01,-0.70
113369,0.01,0.04,-0.69
113391,0.01,0.03,-0.69
113413,-1.40,-3.06,-0.70
113436,-1.34,-2.92,-0.64
113458,-1.25,-2.91,-0.55
113480,-1.14,-3.13,-0.44
113502,-1.03,-3.23,-0.33
113524,-0.86,-2.48,-0.16
113546,-0.88,-2.12,-0.18
113568,-0.61,-1.37,0.09
113590,-0.53,-1.19,0.17
113612,-0.50,-1.18,0.20
113634,-0.42,-1.04,0.28
113656,-0.33,-0.79,0.37
113678,-0.28,-0.71,0.42
113700,-0.21,-0.56,0.49
113722,-0.19,-0.46,0.51
113744,-0.10,-0.25,0.60
113766,-0.13,-0.30,0.57
113788,-0.13,-0.29,0.57
113810,-0.10,-0.23,0.60
113832,-0.09,-0.21,0.61
113854,-0.06,-0.18,0.64
113876,-0.05,-0.15,0.65
113898,-0.04,-0.09,0.66
113921,-0.01,-0.02,0.69
113943,-0.02,-0.04,0.68
113965,-0.02,-0.04,0.68
113987,-0.01,-0.01,0.69
114009,-0.01,-0.02,0.69
114031,-0.02,-0.06,0.68
114053,0.01,0.01,0.71
114075,-0.04,-0.08,0.66
114097,0.03,0.07,0.73
114119,-0.01,-0.02,0.69
114141,-0.01,-0.02,0.69
114163,0.01,0.02,0.71
114185,-0.01,-0.01,0.69
114207,0.02,0.04,0.72
114229,-0.01,-0.02,0.69
114251,-0.01,-0.02,0.69
114273,-0.01,-0.01,0.69
114295,-0.01,-0.02,0.69
114317,0.01,0.00,0.71
114339,-0.